INSERT INTO KSEN_TYPE (TYPE_KEY,OBJ_ID,NAME,DESCR_PLAIN,DESCR_FORMATTED,EFF_DT,EXPIR_DT,REF_OBJECT_URI,SERVICE_URI,VER_NBR,CREATETIME,CREATEID,UPDATETIME,UPDATEID) VALUES ('kuali.atp.type.AutumnYear1','0000456F8F784BB29C4DD6EE7B9ED4A6','autumn quarter year 1','autumn quarter year 1','autumn quarter year 1',null,null,'http://student.kuali.org/wsdl/atp/MilestoneInfo','http://student.kuali.org/wsdl/atp/AtpService',0,TO_TIMESTAMP('2013-04-01 00:00:00','YYYY-MM-DD HH24:MI:SS.FF'),'UWBootstrap',null,null);
INSERT INTO KSEN_TYPE (TYPE_KEY,OBJ_ID,NAME,DESCR_PLAIN,DESCR_FORMATTED,EFF_DT,EXPIR_DT,REF_OBJECT_URI,SERVICE_URI,VER_NBR,CREATETIME,CREATEID,UPDATETIME,UPDATEID) VALUES ('kuali.atp.type.AutumnYear2','0000456F8F784BB29C4DD6EE7B9ED4B7','autumn quarter year 2','autumn quarter year 2','autumn quarter year 2',null,null,'http://student.kuali.org/wsdl/atp/MilestoneInfo','http://student.kuali.org/wsdl/atp/AtpService',0,TO_TIMESTAMP('2013-04-01 00:00:00','YYYY-MM-DD HH24:MI:SS.FF'),'UWBootstrap',null,null);
INSERT INTO KSEN_TYPE (TYPE_KEY,OBJ_ID,NAME,DESCR_PLAIN,DESCR_FORMATTED,EFF_DT,EXPIR_DT,REF_OBJECT_URI,SERVICE_URI,VER_NBR,CREATETIME,CREATEID,UPDATETIME,UPDATEID) VALUES ('kuali.atp.type.AutumnYear3','0000456F8F784BB29C4DD6EE7B9ED471','autumn quarter year 3','autumn quarter year 3','autumn quarter year 3',null,null,'http://student.kuali.org/wsdl/atp/MilestoneInfo','http://student.kuali.org/wsdl/atp/AtpService',0,TO_TIMESTAMP('2013-04-01 00:00:00','YYYY-MM-DD HH24:MI:SS.FF'),'UWBootstrap',null,null);
INSERT INTO KSEN_TYPE (TYPE_KEY,OBJ_ID,NAME,DESCR_PLAIN,DESCR_FORMATTED,EFF_DT,EXPIR_DT,REF_OBJECT_URI,SERVICE_URI,VER_NBR,CREATETIME,CREATEID,UPDATETIME,UPDATEID) VALUES ('kuali.atp.type.AutumnYear4','0000456F8F784BB29C4DD6EE7B9ED422','autumn quarter year 4','autumn quarter year 4','autumn quarter year 4',null,null,'http://student.kuali.org/wsdl/atp/MilestoneInfo','http://student.kuali.org/wsdl/atp/AtpService',0,TO_TIMESTAMP('2013-04-01 00:00:00','YYYY-MM-DD HH24:MI:SS.FF'),'UWBootstrap',null,null);
INSERT INTO KSEN_TYPE (TYPE_KEY,OBJ_ID,NAME,DESCR_PLAIN,DESCR_FORMATTED,EFF_DT,EXPIR_DT,REF_OBJECT_URI,SERVICE_URI,VER_NBR,CREATETIME,CREATEID,UPDATETIME,UPDATEID) VALUES ('kuali.atp.type.AutumnYear5','0000456F8F784BB29C4DD6EE7B9ED344','autumn quarter year 5','autumn quarter year 5','autumn quarter year 5',null,null,'http://student.kuali.org/wsdl/atp/MilestoneInfo','http://student.kuali.org/wsdl/atp/AtpService',0,TO_TIMESTAMP('2013-04-01 00:00:00','YYYY-MM-DD HH24:MI:SS.FF'),'UWBootstrap',null,null);
INSERT INTO KSEN_TYPE (TYPE_KEY,OBJ_ID,NAME,DESCR_PLAIN,DESCR_FORMATTED,EFF_DT,EXPIR_DT,REF_OBJECT_URI,SERVICE_URI,VER_NBR,CREATETIME,CREATEID,UPDATETIME,UPDATEID) VALUES ('kuali.atp.type.AutumnYear6','0000456F8F784BB29C4DD6EE7B9ED654','autumn quarter year 6','autumn quarter year 6','autumn quarter year 6',null,null,'http://student.kuali.org/wsdl/atp/MilestoneInfo','http://student.kuali.org/wsdl/atp/AtpService',0,TO_TIMESTAMP('2013-04-01 00:00:00','YYYY-MM-DD HH24:MI:SS.FF'),'UWBootstrap',null,null);

INSERT INTO KSEN_TYPE (TYPE_KEY,OBJ_ID,NAME,DESCR_PLAIN,DESCR_FORMATTED,EFF_DT,EXPIR_DT,REF_OBJECT_URI,SERVICE_URI,VER_NBR,CREATETIME,CREATEID,UPDATETIME,UPDATEID) VALUES ('kuali.atp.type.WinterYear1','0000456F8F784BB29C4DD6EE7B9ED514','winter quarter year 1','winter quarter year 1','winter quarter year 1',null,null,'http://student.kuali.org/wsdl/atp/MilestoneInfo','http://student.kuali.org/wsdl/atp/AtpService',0,TO_TIMESTAMP('2013-04-01 00:00:00','YYYY-MM-DD HH24:MI:SS.FF'),'UWBootstrap',null,null);
INSERT INTO KSEN_TYPE (TYPE_KEY,OBJ_ID,NAME,DESCR_PLAIN,DESCR_FORMATTED,EFF_DT,EXPIR_DT,REF_OBJECT_URI,SERVICE_URI,VER_NBR,CREATETIME,CREATEID,UPDATETIME,UPDATEID) VALUES ('kuali.atp.type.WinterYear2','0000456F8F784BB29C4DD6EE7B9ED4C3','winter quarter year 2','winter quarter year 2','winter quarter year 2',null,null,'http://student.kuali.org/wsdl/atp/MilestoneInfo','http://student.kuali.org/wsdl/atp/AtpService',0,TO_TIMESTAMP('2013-04-01 00:00:00','YYYY-MM-DD HH24:MI:SS.FF'),'UWBootstrap',null,null);
INSERT INTO KSEN_TYPE (TYPE_KEY,OBJ_ID,NAME,DESCR_PLAIN,DESCR_FORMATTED,EFF_DT,EXPIR_DT,REF_OBJECT_URI,SERVICE_URI,VER_NBR,CREATETIME,CREATEID,UPDATETIME,UPDATEID) VALUES ('kuali.atp.type.WinterYear3','0000456F8F784BB29C4DD6EE7B9ED98D','winter quarter year 3','winter quarter year 3','winter quarter year 3',null,null,'http://student.kuali.org/wsdl/atp/MilestoneInfo','http://student.kuali.org/wsdl/atp/AtpService',0,TO_TIMESTAMP('2013-04-01 00:00:00','YYYY-MM-DD HH24:MI:SS.FF'),'UWBootstrap',null,null);
INSERT INTO KSEN_TYPE (TYPE_KEY,OBJ_ID,NAME,DESCR_PLAIN,DESCR_FORMATTED,EFF_DT,EXPIR_DT,REF_OBJECT_URI,SERVICE_URI,VER_NBR,CREATETIME,CREATEID,UPDATETIME,UPDATEID) VALUES ('kuali.atp.type.WinterYear4','0000456F8F784BB29C4DD6EE7B9EDJY7','winter quarter year 4','winter quarter year 4','winter quarter year 4',null,null,'http://student.kuali.org/wsdl/atp/MilestoneInfo','http://student.kuali.org/wsdl/atp/AtpService',0,TO_TIMESTAMP('2013-04-01 00:00:00','YYYY-MM-DD HH24:MI:SS.FF'),'UWBootstrap',null,null);
INSERT INTO KSEN_TYPE (TYPE_KEY,OBJ_ID,NAME,DESCR_PLAIN,DESCR_FORMATTED,EFF_DT,EXPIR_DT,REF_OBJECT_URI,SERVICE_URI,VER_NBR,CREATETIME,CREATEID,UPDATETIME,UPDATEID) VALUES ('kuali.atp.type.WinterYear5','0000456F8F784BB29C4DD6EE7B9EKL4S','winter quarter year 5','winter quarter year 5','winter quarter year 5',null,null,'http://student.kuali.org/wsdl/atp/MilestoneInfo','http://student.kuali.org/wsdl/atp/AtpService',0,TO_TIMESTAMP('2013-04-01 00:00:00','YYYY-MM-DD HH24:MI:SS.FF'),'UWBootstrap',null,null);
INSERT INTO KSEN_TYPE (TYPE_KEY,OBJ_ID,NAME,DESCR_PLAIN,DESCR_FORMATTED,EFF_DT,EXPIR_DT,REF_OBJECT_URI,SERVICE_URI,VER_NBR,CREATETIME,CREATEID,UPDATETIME,UPDATEID) VALUES ('kuali.atp.type.WinterYear6','0000456F8F784BB29C4DD6EE7B9EAD7I','winter quarter year 6','winter quarter year 6','winter quarter year 6',null,null,'http://student.kuali.org/wsdl/atp/MilestoneInfo','http://student.kuali.org/wsdl/atp/AtpService',0,TO_TIMESTAMP('2013-04-01 00:00:00','YYYY-MM-DD HH24:MI:SS.FF'),'UWBootstrap',null,null);

INSERT INTO KSEN_TYPE (TYPE_KEY,OBJ_ID,NAME,DESCR_PLAIN,DESCR_FORMATTED,EFF_DT,EXPIR_DT,REF_OBJECT_URI,SERVICE_URI,VER_NBR,CREATETIME,CREATEID,UPDATETIME,UPDATEID) VALUES ('kuali.atp.type.SpringYear1','0000456F8F784BB29C4DD6EAGV9ED514','spring quarter year 1','spring quarter year 1','spring quarter year 1',null,null,'http://student.kuali.org/wsdl/atp/MilestoneInfo','http://student.kuali.org/wsdl/atp/AtpService',0,TO_TIMESTAMP('2013-04-01 00:00:00','YYYY-MM-DD HH24:MI:SS.FF'),'UWBootstrap',null,null);
INSERT INTO KSEN_TYPE (TYPE_KEY,OBJ_ID,NAME,DESCR_PLAIN,DESCR_FORMATTED,EFF_DT,EXPIR_DT,REF_OBJECT_URI,SERVICE_URI,VER_NBR,CREATETIME,CREATEID,UPDATETIME,UPDATEID) VALUES ('kuali.atp.type.SpringYear2','0000456F8F784BB29C4DD6ET6Y9ED4C3','spring quarter year 2','spring quarter year 2','spring quarter year 2',null,null,'http://student.kuali.org/wsdl/atp/MilestoneInfo','http://student.kuali.org/wsdl/atp/AtpService',0,TO_TIMESTAMP('2013-04-01 00:00:00','YYYY-MM-DD HH24:MI:SS.FF'),'UWBootstrap',null,null);
INSERT INTO KSEN_TYPE (TYPE_KEY,OBJ_ID,NAME,DESCR_PLAIN,DESCR_FORMATTED,EFF_DT,EXPIR_DT,REF_OBJECT_URI,SERVICE_URI,VER_NBR,CREATETIME,CREATEID,UPDATETIME,UPDATEID) VALUES ('kuali.atp.type.SpringYear3','0000456F8F784BB29C4DD6EUP39ED98D','spring quarter year 3','spring quarter year 3','spring quarter year 3',null,null,'http://student.kuali.org/wsdl/atp/MilestoneInfo','http://student.kuali.org/wsdl/atp/AtpService',0,TO_TIMESTAMP('2013-04-01 00:00:00','YYYY-MM-DD HH24:MI:SS.FF'),'UWBootstrap',null,null);
INSERT INTO KSEN_TYPE (TYPE_KEY,OBJ_ID,NAME,DESCR_PLAIN,DESCR_FORMATTED,EFF_DT,EXPIR_DT,REF_OBJECT_URI,SERVICE_URI,VER_NBR,CREATETIME,CREATEID,UPDATETIME,UPDATEID) VALUES ('kuali.atp.type.SpringYear4','0000456F8F784BB29C4DD6EAP09EDJY7','spring quarter year 4','spring quarter year 4','spring quarter year 4',null,null,'http://student.kuali.org/wsdl/atp/MilestoneInfo','http://student.kuali.org/wsdl/atp/AtpService',0,TO_TIMESTAMP('2013-04-01 00:00:00','YYYY-MM-DD HH24:MI:SS.FF'),'UWBootstrap',null,null);
INSERT INTO KSEN_TYPE (TYPE_KEY,OBJ_ID,NAME,DESCR_PLAIN,DESCR_FORMATTED,EFF_DT,EXPIR_DT,REF_OBJECT_URI,SERVICE_URI,VER_NBR,CREATETIME,CREATEID,UPDATETIME,UPDATEID) VALUES ('kuali.atp.type.SpringYear5','0000456F8F784BB29C4DD6ENIJ9EKL4S','spring quarter year 5','spring quarter year 5','spring quarter year 5',null,null,'http://student.kuali.org/wsdl/atp/MilestoneInfo','http://student.kuali.org/wsdl/atp/AtpService',0,TO_TIMESTAMP('2013-04-01 00:00:00','YYYY-MM-DD HH24:MI:SS.FF'),'UWBootstrap',null,null);
INSERT INTO KSEN_TYPE (TYPE_KEY,OBJ_ID,NAME,DESCR_PLAIN,DESCR_FORMATTED,EFF_DT,EXPIR_DT,REF_OBJECT_URI,SERVICE_URI,VER_NBR,CREATETIME,CREATEID,UPDATETIME,UPDATEID) VALUES ('kuali.atp.type.SpringYear6','0000456F8F784BB29C4DD6EDG59EAD7I','spring quarter year 6','spring quarter year 6','spring quarter year 6',null,null,'http://student.kuali.org/wsdl/atp/MilestoneInfo','http://student.kuali.org/wsdl/atp/AtpService',0,TO_TIMESTAMP('2013-04-01 00:00:00','YYYY-MM-DD HH24:MI:SS.FF'),'UWBootstrap',null,null);

INSERT INTO KSEN_TYPE (TYPE_KEY,OBJ_ID,NAME,DESCR_PLAIN,DESCR_FORMATTED,EFF_DT,EXPIR_DT,REF_OBJECT_URI,SERVICE_URI,VER_NBR,CREATETIME,CREATEID,UPDATETIME,UPDATEID) VALUES ('kuali.atp.type.SummerYear1','0000456F8F8IQBB29C4DD6EAGV9ED514','summer quarter year 1','summer quarter year 1','summer quarter year 1',null,null,'http://student.kuali.org/wsdl/atp/MilestoneInfo','http://student.kuali.org/wsdl/atp/AtpService',0,TO_TIMESTAMP('2013-04-01 00:00:00','YYYY-MM-DD HH24:MI:SS.FF'),'UWBootstrap',null,null);
INSERT INTO KSEN_TYPE (TYPE_KEY,OBJ_ID,NAME,DESCR_PLAIN,DESCR_FORMATTED,EFF_DT,EXPIR_DT,REF_OBJECT_URI,SERVICE_URI,VER_NBR,CREATETIME,CREATEID,UPDATETIME,UPDATEID) VALUES ('kuali.atp.type.SummerYear2','0000456F8F96TBB29C4DD6ET6Y9ED4C3','summer quarter year 2','summer quarter year 2','summer quarter year 2',null,null,'http://student.kuali.org/wsdl/atp/MilestoneInfo','http://student.kuali.org/wsdl/atp/AtpService',0,TO_TIMESTAMP('2013-04-01 00:00:00','YYYY-MM-DD HH24:MI:SS.FF'),'UWBootstrap',null,null);
INSERT INTO KSEN_TYPE (TYPE_KEY,OBJ_ID,NAME,DESCR_PLAIN,DESCR_FORMATTED,EFF_DT,EXPIR_DT,REF_OBJECT_URI,SERVICE_URI,VER_NBR,CREATETIME,CREATEID,UPDATETIME,UPDATEID) VALUES ('kuali.atp.type.SummerYear3','0000456F8F24KBB29C4DD6EUP39ED98D','summer quarter year 3','summer quarter year 3','summer quarter year 3',null,null,'http://student.kuali.org/wsdl/atp/MilestoneInfo','http://student.kuali.org/wsdl/atp/AtpService',0,TO_TIMESTAMP('2013-04-01 00:00:00','YYYY-MM-DD HH24:MI:SS.FF'),'UWBootstrap',null,null);
INSERT INTO KSEN_TYPE (TYPE_KEY,OBJ_ID,NAME,DESCR_PLAIN,DESCR_FORMATTED,EFF_DT,EXPIR_DT,REF_OBJECT_URI,SERVICE_URI,VER_NBR,CREATETIME,CREATEID,UPDATETIME,UPDATEID) VALUES ('kuali.atp.type.SummerYear4','0000456F8F209BB29C4DD6EAP09EDJY7','summer quarter year 4','summer quarter year 4','summer quarter year 4',null,null,'http://student.kuali.org/wsdl/atp/MilestoneInfo','http://student.kuali.org/wsdl/atp/AtpService',0,TO_TIMESTAMP('2013-04-01 00:00:00','YYYY-MM-DD HH24:MI:SS.FF'),'UWBootstrap',null,null);
INSERT INTO KSEN_TYPE (TYPE_KEY,OBJ_ID,NAME,DESCR_PLAIN,DESCR_FORMATTED,EFF_DT,EXPIR_DT,REF_OBJECT_URI,SERVICE_URI,VER_NBR,CREATETIME,CREATEID,UPDATETIME,UPDATEID) VALUES ('kuali.atp.type.SummerYear5','0000456F8FYBQBB29C4DD6ENIJ9EKL4S','summer quarter year 5','summer quarter year 5','summer quarter year 5',null,null,'http://student.kuali.org/wsdl/atp/MilestoneInfo','http://student.kuali.org/wsdl/atp/AtpService',0,TO_TIMESTAMP('2013-04-01 00:00:00','YYYY-MM-DD HH24:MI:SS.FF'),'UWBootstrap',null,null);
INSERT INTO KSEN_TYPE (TYPE_KEY,OBJ_ID,NAME,DESCR_PLAIN,DESCR_FORMATTED,EFF_DT,EXPIR_DT,REF_OBJECT_URI,SERVICE_URI,VER_NBR,CREATETIME,CREATEID,UPDATETIME,UPDATEID) VALUES ('kuali.atp.type.SummerYear6','0000456F8FFIRBB29C4DD6EDG59EAD7I','summer quarter year 6','summer quarter year 6','summer quarter year 6',null,null,'http://student.kuali.org/wsdl/atp/MilestoneInfo','http://student.kuali.org/wsdl/atp/AtpService',0,TO_TIMESTAMP('2013-04-01 00:00:00','YYYY-MM-DD HH24:MI:SS.FF'),'UWBootstrap',null,null);





INSERT INTO KSEN_ATP (ID,OBJ_ID,ATP_TYPE,ATP_STATE,NAME,DESCR_PLAIN,DESCR_FORMATTED,ATP_CD,END_DT,START_DT,ADMIN_ORG_ID,VER_NBR,CREATETIME,CREATEID,UPDATETIME,UPDATEID) VALUES ('AutumnYear1','49994346-7320-4967-9a04-6f79ae8933hg','kuali.atp.type.AutumnYear1','kuali.atp.state.Official','autumn Year 1','autumn Year 1','autumn Year 1','AutumnYear1',TO_TIMESTAMP('2002-03-31 00:00:00','YYYY-MM-DD HH24:MI:SS.FF'),TO_TIMESTAMP('2002-01-07 00:00:00','YYYY-MM-DD HH24:MI:SS.FF'),null,0,TO_TIMESTAMP('2013-11-04 16:40:22','YYYY-MM-DD HH24:MI:SS.FF'),'ATPETLJOB',TO_TIMESTAMP('2013-11-04 16:40:22','YYYY-MM-DD HH24:MI:SS.FF'),'ATPETLJOB');
INSERT INTO KSEN_ATP (ID,OBJ_ID,ATP_TYPE,ATP_STATE,NAME,DESCR_PLAIN,DESCR_FORMATTED,ATP_CD,END_DT,START_DT,ADMIN_ORG_ID,VER_NBR,CREATETIME,CREATEID,UPDATETIME,UPDATEID) VALUES ('AutumnYear2','49994346-7320-4967-9a04-6f79ae8933hh','kuali.atp.type.AutumnYear2','kuali.atp.state.Official','autumn Year 2','autumn Year 2','autumn Year 2','AutumnYear2',TO_TIMESTAMP('2002-03-31 00:00:00','YYYY-MM-DD HH24:MI:SS.FF'),TO_TIMESTAMP('2002-01-07 00:00:00','YYYY-MM-DD HH24:MI:SS.FF'),null,0,TO_TIMESTAMP('2013-11-04 16:40:22','YYYY-MM-DD HH24:MI:SS.FF'),'ATPETLJOB',TO_TIMESTAMP('2013-11-04 16:40:22','YYYY-MM-DD HH24:MI:SS.FF'),'ATPETLJOB');
INSERT INTO KSEN_ATP (ID,OBJ_ID,ATP_TYPE,ATP_STATE,NAME,DESCR_PLAIN,DESCR_FORMATTED,ATP_CD,END_DT,START_DT,ADMIN_ORG_ID,VER_NBR,CREATETIME,CREATEID,UPDATETIME,UPDATEID) VALUES ('AutumnYear3','49994346-7320-4967-9a04-6f79ae8933hq','kuali.atp.type.AutumnYear3','kuali.atp.state.Official','autumn Year 3','autumn Year 3','autumn Year 3','AutumnYear3',TO_TIMESTAMP('2002-03-31 00:00:00','YYYY-MM-DD HH24:MI:SS.FF'),TO_TIMESTAMP('2002-01-07 00:00:00','YYYY-MM-DD HH24:MI:SS.FF'),null,0,TO_TIMESTAMP('2013-11-04 16:40:22','YYYY-MM-DD HH24:MI:SS.FF'),'ATPETLJOB',TO_TIMESTAMP('2013-11-04 16:40:22','YYYY-MM-DD HH24:MI:SS.FF'),'ATPETLJOB');
INSERT INTO KSEN_ATP (ID,OBJ_ID,ATP_TYPE,ATP_STATE,NAME,DESCR_PLAIN,DESCR_FORMATTED,ATP_CD,END_DT,START_DT,ADMIN_ORG_ID,VER_NBR,CREATETIME,CREATEID,UPDATETIME,UPDATEID) VALUES ('AutumnYear4','49994346-7320-4967-9a04-6f79ae8933hb','kuali.atp.type.AutumnYear4','kuali.atp.state.Official','autumn Year 4','autumn Year 4','autumn Year 4','AutumnYear4',TO_TIMESTAMP('2002-03-31 00:00:00','YYYY-MM-DD HH24:MI:SS.FF'),TO_TIMESTAMP('2002-01-07 00:00:00','YYYY-MM-DD HH24:MI:SS.FF'),null,0,TO_TIMESTAMP('2013-11-04 16:40:22','YYYY-MM-DD HH24:MI:SS.FF'),'ATPETLJOB',TO_TIMESTAMP('2013-11-04 16:40:22','YYYY-MM-DD HH24:MI:SS.FF'),'ATPETLJOB');
INSERT INTO KSEN_ATP (ID,OBJ_ID,ATP_TYPE,ATP_STATE,NAME,DESCR_PLAIN,DESCR_FORMATTED,ATP_CD,END_DT,START_DT,ADMIN_ORG_ID,VER_NBR,CREATETIME,CREATEID,UPDATETIME,UPDATEID) VALUES ('AutumnYear5','49994346-7320-4967-9a04-6f79ae8933hs','kuali.atp.type.AutumnYear5','kuali.atp.state.Official','autumn Year 5','autumn Year 5','autumn Year 5','AutumnYear5',TO_TIMESTAMP('2002-03-31 00:00:00','YYYY-MM-DD HH24:MI:SS.FF'),TO_TIMESTAMP('2002-01-07 00:00:00','YYYY-MM-DD HH24:MI:SS.FF'),null,0,TO_TIMESTAMP('2013-11-04 16:40:22','YYYY-MM-DD HH24:MI:SS.FF'),'ATPETLJOB',TO_TIMESTAMP('2013-11-04 16:40:22','YYYY-MM-DD HH24:MI:SS.FF'),'ATPETLJOB');
INSERT INTO KSEN_ATP (ID,OBJ_ID,ATP_TYPE,ATP_STATE,NAME,DESCR_PLAIN,DESCR_FORMATTED,ATP_CD,END_DT,START_DT,ADMIN_ORG_ID,VER_NBR,CREATETIME,CREATEID,UPDATETIME,UPDATEID) VALUES ('AutumnYear6','49994346-7320-4967-9a04-6f79ae8933he','kuali.atp.type.AutumnYear6','kuali.atp.state.Official','autumn Year 6','autumn Year 6','autumn Year 6','AutumnYear6',TO_TIMESTAMP('2002-03-31 00:00:00','YYYY-MM-DD HH24:MI:SS.FF'),TO_TIMESTAMP('2002-01-07 00:00:00','YYYY-MM-DD HH24:MI:SS.FF'),null,0,TO_TIMESTAMP('2013-11-04 16:40:22','YYYY-MM-DD HH24:MI:SS.FF'),'ATPETLJOB',TO_TIMESTAMP('2013-11-04 16:40:22','YYYY-MM-DD HH24:MI:SS.FF'),'ATPETLJOB');


INSERT INTO KSEN_ATP (ID,OBJ_ID,ATP_TYPE,ATP_STATE,NAME,DESCR_PLAIN,DESCR_FORMATTED,ATP_CD,END_DT,START_DT,ADMIN_ORG_ID,VER_NBR,CREATETIME,CREATEID,UPDATETIME,UPDATEID) VALUES ('WinterYear1','49994346-7320-4967-9a04-6f79ae8933rg','kuali.atp.type.WinterYear1','kuali.atp.state.Official','winter Year 1','winter Year 1','winter Year 1','WinterYear1',TO_TIMESTAMP('2002-03-31 00:00:00','YYYY-MM-DD HH24:MI:SS.FF'),TO_TIMESTAMP('2002-01-07 00:00:00','YYYY-MM-DD HH24:MI:SS.FF'),null,0,TO_TIMESTAMP('2013-11-04 16:40:22','YYYY-MM-DD HH24:MI:SS.FF'),'ATPETLJOB',TO_TIMESTAMP('2013-11-04 16:40:22','YYYY-MM-DD HH24:MI:SS.FF'),'ATPETLJOB');
INSERT INTO KSEN_ATP (ID,OBJ_ID,ATP_TYPE,ATP_STATE,NAME,DESCR_PLAIN,DESCR_FORMATTED,ATP_CD,END_DT,START_DT,ADMIN_ORG_ID,VER_NBR,CREATETIME,CREATEID,UPDATETIME,UPDATEID) VALUES ('WinterYear2','49994346-7320-4967-9a04-6f79ae8933rh','kuali.atp.type.WinterYear2','kuali.atp.state.Official','winter Year 2','winter Year 2','winter Year 2','WinterYear2',TO_TIMESTAMP('2002-03-31 00:00:00','YYYY-MM-DD HH24:MI:SS.FF'),TO_TIMESTAMP('2002-01-07 00:00:00','YYYY-MM-DD HH24:MI:SS.FF'),null,0,TO_TIMESTAMP('2013-11-04 16:40:22','YYYY-MM-DD HH24:MI:SS.FF'),'ATPETLJOB',TO_TIMESTAMP('2013-11-04 16:40:22','YYYY-MM-DD HH24:MI:SS.FF'),'ATPETLJOB');
INSERT INTO KSEN_ATP (ID,OBJ_ID,ATP_TYPE,ATP_STATE,NAME,DESCR_PLAIN,DESCR_FORMATTED,ATP_CD,END_DT,START_DT,ADMIN_ORG_ID,VER_NBR,CREATETIME,CREATEID,UPDATETIME,UPDATEID) VALUES ('WinterYear3','49994346-7320-4967-9a04-6f79ae8933rq','kuali.atp.type.WinterYear3','kuali.atp.state.Official','winter Year 3','winter Year 3','winter Year 3','WinterYear3',TO_TIMESTAMP('2002-03-31 00:00:00','YYYY-MM-DD HH24:MI:SS.FF'),TO_TIMESTAMP('2002-01-07 00:00:00','YYYY-MM-DD HH24:MI:SS.FF'),null,0,TO_TIMESTAMP('2013-11-04 16:40:22','YYYY-MM-DD HH24:MI:SS.FF'),'ATPETLJOB',TO_TIMESTAMP('2013-11-04 16:40:22','YYYY-MM-DD HH24:MI:SS.FF'),'ATPETLJOB');
INSERT INTO KSEN_ATP (ID,OBJ_ID,ATP_TYPE,ATP_STATE,NAME,DESCR_PLAIN,DESCR_FORMATTED,ATP_CD,END_DT,START_DT,ADMIN_ORG_ID,VER_NBR,CREATETIME,CREATEID,UPDATETIME,UPDATEID) VALUES ('WinterYear4','49994346-7320-4967-9a04-6f79ae8933rb','kuali.atp.type.WinterYear4','kuali.atp.state.Official','winter Year 4','winter Year 4','winter Year 4','WinterYear4',TO_TIMESTAMP('2002-03-31 00:00:00','YYYY-MM-DD HH24:MI:SS.FF'),TO_TIMESTAMP('2002-01-07 00:00:00','YYYY-MM-DD HH24:MI:SS.FF'),null,0,TO_TIMESTAMP('2013-11-04 16:40:22','YYYY-MM-DD HH24:MI:SS.FF'),'ATPETLJOB',TO_TIMESTAMP('2013-11-04 16:40:22','YYYY-MM-DD HH24:MI:SS.FF'),'ATPETLJOB');
INSERT INTO KSEN_ATP (ID,OBJ_ID,ATP_TYPE,ATP_STATE,NAME,DESCR_PLAIN,DESCR_FORMATTED,ATP_CD,END_DT,START_DT,ADMIN_ORG_ID,VER_NBR,CREATETIME,CREATEID,UPDATETIME,UPDATEID) VALUES ('WinterYear5','49994346-7320-4967-9a04-6f79ae8933rs','kuali.atp.type.WinterYear5','kuali.atp.state.Official','winter Year 5','winter Year 5','winter Year 5','WinterYear5',TO_TIMESTAMP('2002-03-31 00:00:00','YYYY-MM-DD HH24:MI:SS.FF'),TO_TIMESTAMP('2002-01-07 00:00:00','YYYY-MM-DD HH24:MI:SS.FF'),null,0,TO_TIMESTAMP('2013-11-04 16:40:22','YYYY-MM-DD HH24:MI:SS.FF'),'ATPETLJOB',TO_TIMESTAMP('2013-11-04 16:40:22','YYYY-MM-DD HH24:MI:SS.FF'),'ATPETLJOB');
INSERT INTO KSEN_ATP (ID,OBJ_ID,ATP_TYPE,ATP_STATE,NAME,DESCR_PLAIN,DESCR_FORMATTED,ATP_CD,END_DT,START_DT,ADMIN_ORG_ID,VER_NBR,CREATETIME,CREATEID,UPDATETIME,UPDATEID) VALUES ('WinterYear6','49994346-7320-4967-9a04-6f79ae8933re','kuali.atp.type.WinterYear6','kuali.atp.state.Official','winter Year 6','winter Year 6','winter Year 6','WinterYear6',TO_TIMESTAMP('2002-03-31 00:00:00','YYYY-MM-DD HH24:MI:SS.FF'),TO_TIMESTAMP('2002-01-07 00:00:00','YYYY-MM-DD HH24:MI:SS.FF'),null,0,TO_TIMESTAMP('2013-11-04 16:40:22','YYYY-MM-DD HH24:MI:SS.FF'),'ATPETLJOB',TO_TIMESTAMP('2013-11-04 16:40:22','YYYY-MM-DD HH24:MI:SS.FF'),'ATPETLJOB');



INSERT INTO KSEN_ATP (ID,OBJ_ID,ATP_TYPE,ATP_STATE,NAME,DESCR_PLAIN,DESCR_FORMATTED,ATP_CD,END_DT,START_DT,ADMIN_ORG_ID,VER_NBR,CREATETIME,CREATEID,UPDATETIME,UPDATEID) VALUES ('SpringYear1','49994346-7320-4967-9a04-6f79ae8933qg','kuali.atp.type.SpringYear1','kuali.atp.state.Official','spring Year 1','spring Year 1','spring Year 1','SpringYear1',TO_TIMESTAMP('2002-03-31 00:00:00','YYYY-MM-DD HH24:MI:SS.FF'),TO_TIMESTAMP('2002-01-07 00:00:00','YYYY-MM-DD HH24:MI:SS.FF'),null,0,TO_TIMESTAMP('2013-11-04 16:40:22','YYYY-MM-DD HH24:MI:SS.FF'),'ATPETLJOB',TO_TIMESTAMP('2013-11-04 16:40:22','YYYY-MM-DD HH24:MI:SS.FF'),'ATPETLJOB');
INSERT INTO KSEN_ATP (ID,OBJ_ID,ATP_TYPE,ATP_STATE,NAME,DESCR_PLAIN,DESCR_FORMATTED,ATP_CD,END_DT,START_DT,ADMIN_ORG_ID,VER_NBR,CREATETIME,CREATEID,UPDATETIME,UPDATEID) VALUES ('SpringYear2','49994346-7320-4967-9a04-6f79ae8933qh','kuali.atp.type.SpringYear2','kuali.atp.state.Official','spring Year 2','spring Year 2','spring Year 2','SpringYear2',TO_TIMESTAMP('2002-03-31 00:00:00','YYYY-MM-DD HH24:MI:SS.FF'),TO_TIMESTAMP('2002-01-07 00:00:00','YYYY-MM-DD HH24:MI:SS.FF'),null,0,TO_TIMESTAMP('2013-11-04 16:40:22','YYYY-MM-DD HH24:MI:SS.FF'),'ATPETLJOB',TO_TIMESTAMP('2013-11-04 16:40:22','YYYY-MM-DD HH24:MI:SS.FF'),'ATPETLJOB');
INSERT INTO KSEN_ATP (ID,OBJ_ID,ATP_TYPE,ATP_STATE,NAME,DESCR_PLAIN,DESCR_FORMATTED,ATP_CD,END_DT,START_DT,ADMIN_ORG_ID,VER_NBR,CREATETIME,CREATEID,UPDATETIME,UPDATEID) VALUES ('SpringYear3','49994346-7320-4967-9a04-6f79ae8933qk','kuali.atp.type.SpringYear3','kuali.atp.state.Official','spring Year 3','spring Year 3','spring Year 3','SpringYear3',TO_TIMESTAMP('2002-03-31 00:00:00','YYYY-MM-DD HH24:MI:SS.FF'),TO_TIMESTAMP('2002-01-07 00:00:00','YYYY-MM-DD HH24:MI:SS.FF'),null,0,TO_TIMESTAMP('2013-11-04 16:40:22','YYYY-MM-DD HH24:MI:SS.FF'),'ATPETLJOB',TO_TIMESTAMP('2013-11-04 16:40:22','YYYY-MM-DD HH24:MI:SS.FF'),'ATPETLJOB');
INSERT INTO KSEN_ATP (ID,OBJ_ID,ATP_TYPE,ATP_STATE,NAME,DESCR_PLAIN,DESCR_FORMATTED,ATP_CD,END_DT,START_DT,ADMIN_ORG_ID,VER_NBR,CREATETIME,CREATEID,UPDATETIME,UPDATEID) VALUES ('SpringYear4','49994346-7320-4967-9a04-6f79ae8933qb','kuali.atp.type.SpringYear4','kuali.atp.state.Official','spring Year 4','spring Year 4','spring Year 4','SpringYear4',TO_TIMESTAMP('2002-03-31 00:00:00','YYYY-MM-DD HH24:MI:SS.FF'),TO_TIMESTAMP('2002-01-07 00:00:00','YYYY-MM-DD HH24:MI:SS.FF'),null,0,TO_TIMESTAMP('2013-11-04 16:40:22','YYYY-MM-DD HH24:MI:SS.FF'),'ATPETLJOB',TO_TIMESTAMP('2013-11-04 16:40:22','YYYY-MM-DD HH24:MI:SS.FF'),'ATPETLJOB');
INSERT INTO KSEN_ATP (ID,OBJ_ID,ATP_TYPE,ATP_STATE,NAME,DESCR_PLAIN,DESCR_FORMATTED,ATP_CD,END_DT,START_DT,ADMIN_ORG_ID,VER_NBR,CREATETIME,CREATEID,UPDATETIME,UPDATEID) VALUES ('SpringYear5','49994346-7320-4967-9a04-6f79ae8933qs','kuali.atp.type.SpringYear5','kuali.atp.state.Official','spring Year 5','spring Year 5','spring Year 5','SpringYear5',TO_TIMESTAMP('2002-03-31 00:00:00','YYYY-MM-DD HH24:MI:SS.FF'),TO_TIMESTAMP('2002-01-07 00:00:00','YYYY-MM-DD HH24:MI:SS.FF'),null,0,TO_TIMESTAMP('2013-11-04 16:40:22','YYYY-MM-DD HH24:MI:SS.FF'),'ATPETLJOB',TO_TIMESTAMP('2013-11-04 16:40:22','YYYY-MM-DD HH24:MI:SS.FF'),'ATPETLJOB');
INSERT INTO KSEN_ATP (ID,OBJ_ID,ATP_TYPE,ATP_STATE,NAME,DESCR_PLAIN,DESCR_FORMATTED,ATP_CD,END_DT,START_DT,ADMIN_ORG_ID,VER_NBR,CREATETIME,CREATEID,UPDATETIME,UPDATEID) VALUES ('SpringYear6','49994346-7320-4967-9a04-6f79ae8933qe','kuali.atp.type.SpringYear6','kuali.atp.state.Official','spring Year 6','spring Year 6','spring Year 6','SpringYear6',TO_TIMESTAMP('2002-03-31 00:00:00','YYYY-MM-DD HH24:MI:SS.FF'),TO_TIMESTAMP('2002-01-07 00:00:00','YYYY-MM-DD HH24:MI:SS.FF'),null,0,TO_TIMESTAMP('2013-11-04 16:40:22','YYYY-MM-DD HH24:MI:SS.FF'),'ATPETLJOB',TO_TIMESTAMP('2013-11-04 16:40:22','YYYY-MM-DD HH24:MI:SS.FF'),'ATPETLJOB');

INSERT INTO KSEN_ATP (ID,OBJ_ID,ATP_TYPE,ATP_STATE,NAME,DESCR_PLAIN,DESCR_FORMATTED,ATP_CD,END_DT,START_DT,ADMIN_ORG_ID,VER_NBR,CREATETIME,CREATEID,UPDATETIME,UPDATEID) VALUES ('SummerYear1','49994346-7320-4967-9a04-6f79ae8933xg','kuali.atp.type.SummerYear1','kuali.atp.state.Official','summer Year 1','summer Year 1','summer Year 1','SummerYear1',TO_TIMESTAMP('2002-03-31 00:00:00','YYYY-MM-DD HH24:MI:SS.FF'),TO_TIMESTAMP('2002-01-07 00:00:00','YYYY-MM-DD HH24:MI:SS.FF'),null,0,TO_TIMESTAMP('2013-11-04 16:40:22','YYYY-MM-DD HH24:MI:SS.FF'),'ATPETLJOB',TO_TIMESTAMP('2013-11-04 16:40:22','YYYY-MM-DD HH24:MI:SS.FF'),'ATPETLJOB');
INSERT INTO KSEN_ATP (ID,OBJ_ID,ATP_TYPE,ATP_STATE,NAME,DESCR_PLAIN,DESCR_FORMATTED,ATP_CD,END_DT,START_DT,ADMIN_ORG_ID,VER_NBR,CREATETIME,CREATEID,UPDATETIME,UPDATEID) VALUES ('SummerYear2','49994346-7320-4967-9a04-6f79ae8933xh','kuali.atp.type.SummerYear2','kuali.atp.state.Official','summer Year 2','summer Year 2','summer Year 2','SummerYear2',TO_TIMESTAMP('2002-03-31 00:00:00','YYYY-MM-DD HH24:MI:SS.FF'),TO_TIMESTAMP('2002-01-07 00:00:00','YYYY-MM-DD HH24:MI:SS.FF'),null,0,TO_TIMESTAMP('2013-11-04 16:40:22','YYYY-MM-DD HH24:MI:SS.FF'),'ATPETLJOB',TO_TIMESTAMP('2013-11-04 16:40:22','YYYY-MM-DD HH24:MI:SS.FF'),'ATPETLJOB');
INSERT INTO KSEN_ATP (ID,OBJ_ID,ATP_TYPE,ATP_STATE,NAME,DESCR_PLAIN,DESCR_FORMATTED,ATP_CD,END_DT,START_DT,ADMIN_ORG_ID,VER_NBR,CREATETIME,CREATEID,UPDATETIME,UPDATEID) VALUES ('SummerYear3','49994346-7320-4967-9a04-6f79ae8933xq','kuali.atp.type.SummerYear3','kuali.atp.state.Official','summer Year 3','summer Year 3','summer Year 3','SummerYear3',TO_TIMESTAMP('2002-03-31 00:00:00','YYYY-MM-DD HH24:MI:SS.FF'),TO_TIMESTAMP('2002-01-07 00:00:00','YYYY-MM-DD HH24:MI:SS.FF'),null,0,TO_TIMESTAMP('2013-11-04 16:40:22','YYYY-MM-DD HH24:MI:SS.FF'),'ATPETLJOB',TO_TIMESTAMP('2013-11-04 16:40:22','YYYY-MM-DD HH24:MI:SS.FF'),'ATPETLJOB');
INSERT INTO KSEN_ATP (ID,OBJ_ID,ATP_TYPE,ATP_STATE,NAME,DESCR_PLAIN,DESCR_FORMATTED,ATP_CD,END_DT,START_DT,ADMIN_ORG_ID,VER_NBR,CREATETIME,CREATEID,UPDATETIME,UPDATEID) VALUES ('SummerYear4','49994346-7320-4967-9a04-6f79ae8933xb','kuali.atp.type.SummerYear4','kuali.atp.state.Official','summer Year 4','summer Year 4','summer Year 4','SummerYear4',TO_TIMESTAMP('2002-03-31 00:00:00','YYYY-MM-DD HH24:MI:SS.FF'),TO_TIMESTAMP('2002-01-07 00:00:00','YYYY-MM-DD HH24:MI:SS.FF'),null,0,TO_TIMESTAMP('2013-11-04 16:40:22','YYYY-MM-DD HH24:MI:SS.FF'),'ATPETLJOB',TO_TIMESTAMP('2013-11-04 16:40:22','YYYY-MM-DD HH24:MI:SS.FF'),'ATPETLJOB');
INSERT INTO KSEN_ATP (ID,OBJ_ID,ATP_TYPE,ATP_STATE,NAME,DESCR_PLAIN,DESCR_FORMATTED,ATP_CD,END_DT,START_DT,ADMIN_ORG_ID,VER_NBR,CREATETIME,CREATEID,UPDATETIME,UPDATEID) VALUES ('SummerYear5','49994346-7320-4967-9a04-6f79ae8933xs','kuali.atp.type.SummerYear5','kuali.atp.state.Official','summer Year 5','summer Year 5','summer Year 5','SummerYear5',TO_TIMESTAMP('2002-03-31 00:00:00','YYYY-MM-DD HH24:MI:SS.FF'),TO_TIMESTAMP('2002-01-07 00:00:00','YYYY-MM-DD HH24:MI:SS.FF'),null,0,TO_TIMESTAMP('2013-11-04 16:40:22','YYYY-MM-DD HH24:MI:SS.FF'),'ATPETLJOB',TO_TIMESTAMP('2013-11-04 16:40:22','YYYY-MM-DD HH24:MI:SS.FF'),'ATPETLJOB');
INSERT INTO KSEN_ATP (ID,OBJ_ID,ATP_TYPE,ATP_STATE,NAME,DESCR_PLAIN,DESCR_FORMATTED,ATP_CD,END_DT,START_DT,ADMIN_ORG_ID,VER_NBR,CREATETIME,CREATEID,UPDATETIME,UPDATEID) VALUES ('SummerYear6','49994346-7320-4967-9a04-6f79ae8933xe','kuali.atp.type.SummerYear6','kuali.atp.state.Official','summer Year 6','summer Year 6','summer Year 6','SummerYear6',TO_TIMESTAMP('2002-03-31 00:00:00','YYYY-MM-DD HH24:MI:SS.FF'),TO_TIMESTAMP('2002-01-07 00:00:00','YYYY-MM-DD HH24:MI:SS.FF'),null,0,TO_TIMESTAMP('2013-11-04 16:40:22','YYYY-MM-DD HH24:MI:SS.FF'),'ATPETLJOB',TO_TIMESTAMP('2013-11-04 16:40:22','YYYY-MM-DD HH24:MI:SS.FF'),'ATPETLJOB');



INSERT INTO KSST_STMT_TYPE (TYPE_KEY,TYPE_DESC,EFF_DT,EXPIR_DT,NAME,OBJ_ID,VER_NBR) VALUES ('kuali.statement.type.academicplan.recommendation','Conditions that will define  recommended courses or placeholders for courses with special attributes ',TO_TIMESTAMP('2000-01-01 00:00:00','YYYY-MM-DD HH24:MI:SS.FF'),null,'Academic Plan Recommendations',null,0);

INSERT INTO KSST_REQ_COM_TYPE (TYPE_KEY,TYPE_DESC,EFF_DT,EXPIR_DT,NAME,OBJ_ID,VER_NBR) VALUES ('kuali.reqComponent.type.planitem.course','Course Plan Item',TO_TIMESTAMP('2000-01-01 00:00:00','YYYY-MM-DD HH24:MI:SS.FF'),null,'Course',null,0);
INSERT INTO KSST_REQ_COM_TYPE (TYPE_KEY,TYPE_DESC,EFF_DT,EXPIR_DT,NAME,OBJ_ID,VER_NBR) VALUES ('kuali.reqComponent.type.planitem.placeholder','PlaceHolder Plan Item',TO_TIMESTAMP('2000-01-01 00:00:00','YYYY-MM-DD HH24:MI:SS.FF'),null,'PlaceHolder',null,0);

INSERT INTO KSST_REQ_COM_FIELD_TYPE (ID,DATA_TYPE,DESCR,INVALID_CHARS,MAX_LENGTH,MAX_OCCURS,MAX_VALUE,MIN_LENGTH,MIN_OCCURS,MIN_VALUE,NAME,READ_ONLY,VALID_CHARS,OBJ_ID,VER_NBR) VALUES ('kuali.reqComponent.field.type.planitem.placeholder','string','placeholder identifier',null,null,null,null,null,null,null,'placeHolder Id',0,null,null,0);
INSERT INTO KSST_REQ_COM_FIELD_TYPE (ID,DATA_TYPE,DESCR,INVALID_CHARS,MAX_LENGTH,MAX_OCCURS,MAX_VALUE,MIN_LENGTH,MIN_OCCURS,MIN_VALUE,NAME,READ_ONLY,VALID_CHARS,OBJ_ID,VER_NBR) VALUES ('kuali.reqComponent.field.type.planitem.course','string','course version identifier',null,null,null,null,null,null,null,'course version indicator Id',0,null,null,0);
INSERT INTO KSST_REQ_COM_FIELD_TYPE (ID,DATA_TYPE,DESCR,INVALID_CHARS,MAX_LENGTH,MAX_OCCURS,MAX_VALUE,MIN_LENGTH,MIN_OCCURS,MIN_VALUE,NAME,READ_ONLY,VALID_CHARS,OBJ_ID,VER_NBR) VALUES ('kuali.reqComponent.field.type.planitem.course.placeholder','string','course placeholder identifier',null,null,null,null,null,null,null,'course placeholder Id',0,null,null,0);
INSERT INTO KSST_REQ_COM_FIELD_TYPE (ID,DATA_TYPE,DESCR,INVALID_CHARS,MAX_LENGTH,MAX_OCCURS,MAX_VALUE,MIN_LENGTH,MIN_OCCURS,MIN_VALUE,NAME,READ_ONLY,VALID_CHARS,OBJ_ID,VER_NBR) VALUES ('kuali.reqComponent.field.type.planitem.credit','string','credit',null,null,null,null,null,null,null,'credit',0,null,null,0);

ALTER TABLE KSPL_LRNG_PLAN ADD NAME VARCHAR(255);
ALTER TABLE KSPL_LRNG_PLAN ADD PLAN_PROGRAM VARCHAR(255);


INSERT INTO KSCO_REFERENCE_TYPE (TYPE_KEY,TYPE_DESC,EFF_DT,EXPIR_DT,NAME,OBJ_ID,VER_NBR) VALUES ('kuali.uw.comment.reference.type.academicPlanning.id','Learning plan Id of Message',TO_TIMESTAMP('2000-01-01 00:00:00','YYYY-MM-DD HH24:MI:SS.FF'),null,'Message','C043212EC30F43FB936FDA7313094869',0);